<?xml version="1.0" encoding="UTF-8"?>

<!--
Licensed to the Apache Software Foundation (ASF) under one
or more contributor license agreements.  See the NOTICE file
distributed with this work for additional information
regarding copyright ownership.  The ASF licenses this file
to you under the Apache License, Version 2.0 (the
"License"); you may not use this file except in compliance
with the License.  You may obtain a copy of the License at

  http://www.apache.org/licenses/LICENSE-2.0

Unless required by applicable law or agreed to in writing,
software distributed under the License is distributed on an
"AS IS" BASIS, WITHOUT WARRANTIES OR CONDITIONS OF ANY
KIND, either express or implied.  See the License for the
specific language governing permissions and limitations
under the License.
-->

<project xmlns="http://maven.apache.org/DECORATION/1.0.0"
  xmlns:xsi="http://www.w3.org/2001/XMLSchema-instance"
  xsi:schemaLocation="http://maven.apache.org/DECORATION/1.0.0 http://maven.apache.org/xsd/decoration-1.0.0.xsd"
  name="Maven Compiler plugin">
  <body>
    <menu name="Overview">
      <item name="Introduction" href="index.html"/>
      <item name="Goals" href="plugin-info.html"/>
      <item name="Usage" href="usage.html"/>
      <item name="FAQ" href="faq.html"/>
    </menu>
    <menu name="Examples">
      <item name="Compile Using A Different JDK" href="examples/compile-using-different-jdk.html"/>
      <item name="Compile Using -source and -target javac Options" href="examples/set-compiler-source-and-target.html"/>
      <item name="Compile Using Memory Allocation Enhancements" href="examples/compile-with-memory-enhancements.html"/>
      <item name="Pass Compiler Arguments" href="examples/pass-compiler-arguments.html"/>
      <item name="Non-javac compilerIds" href="non-javac-compilers.html"/>
    </menu>
  </body>
</project>
